facility_id,facility_name,state,district_or_city,district_source,capability,claim_status,confidence,evidence_text,uncertainty_reason,extraction_method,updated_at
facility:00e0495d-4b69-4766-8ad8-3b9da609e8ec,Sheela Hospital & Trauma Centre,Uttar Pradesh,Shahjahanpur,pincode_inferred,emergency_24x7,claimed,partial,"Sheela Hospital & Trauma Centre is listed as a private hospital in Shahjahanpur, Uttar Pradesh, 242001.","Related term found, but capability is not stated explicitly.",deterministic_regex_v1,2026-06-15T22:19:20.311029+00:00
facility:01e5cba5-fa14-44cd-a852-bc6939697ff1,Thamarai Fertility and Women's Health Center,Tamil Nadu,Coimbatore,pincode_inferred,obgyn,claimed,partial,"Thamarai Fertility and Women's Health Center is listed as a private clinic in Coimbatore, Tamil Nadu, 641004.","Related term found, but capability is not stated explicitly.",deterministic_regex_v1,2026-06-15T22:19:20.311029+00:00
facility:0218a7c5-845f-4cd1-96bd-bde581bd408e,India Kidney Hospital and Dialysis Centre,Punjab,Jalandhar,pincode_inferred,dialysis,claimed,strong,"India Kidney Hospital and Dialysis Centre is listed as a private hospital in Jalandhar, Punjab, 144003.",Explicit capability term found in facility description.,deterministic_regex_v1,2026-06-15T22:19:20.311029+00:00
facility:062a218b-2f26-4482-9bfe-cc6e267ba1dc,DG Laser & Cosmetic Gynaecology Clinic,Tamil Nadu,Chennai,pincode_inferred,c_section,claimed,partial,"DG Laser & Cosmetic Gynaecology Clinic is listed as a private clinic in Chennai, Tamil Nadu, 600010.","Related term found, but capability is not stated explicitly.",deterministic_regex_v1,2026-06-15T22:19:20.311029+00:00
facility:062a218b-2f26-4482-9bfe-cc6e267ba1dc,DG Laser & Cosmetic Gynaecology Clinic,Tamil Nadu,Chennai,pincode_inferred,obgyn,claimed,strong,"DG Laser & Cosmetic Gynaecology Clinic is listed as a private clinic in Chennai, Tamil Nadu, 600010.",Explicit capability term found in facility description.,deterministic_regex_v1,2026-06-15T22:19:20.311029+00:00
facility:068f6095-85f9-4d46-b3a7-b7209bfbd4c2,Health Point A Multispecialty Hospital Blood Bank,West Bengal,Kolkata,city_fallback,blood_bank,claimed,strong,"Health Point A Multispecialty Hospital Blood Bank is listed as a hospital in Kolkata, West Bengal, 7000 25.",Explicit capability term found in facility description.,deterministic_regex_v1,2026-06-15T22:19:20.311029+00:00
facility:07831828-35e3-4e36-844f-135ce861b7e0,I Care Diagnostic and Dialysis Center,Maharashtra,Mumbai Suburban,pincode_inferred,dialysis,claimed,strong,"I Care Diagnostic and Dialysis Center is listed as a private clinic in Mumbai, Maharashtra, 400052.",Explicit capability term found in facility description.,deterministic_regex_v1,2026-06-15T22:19:20.311029+00:00
facility:07f992f7-29f2-466c-b012-c19a24ddc895,Sarthak Maternity & Plastic Surgery Clinic,Maharashtra,Pune,pincode_inferred,obgyn,claimed,strong,"Sarthak Maternity & Plastic Surgery Clinic is listed as a private clinic in Pune, Maharashtra, 411019.",Explicit capability term found in facility description.,deterministic_regex_v1,2026-06-15T22:19:20.311029+00:00
facility:0c751365-c806-448c-aa15-4e57e89d1a51,Janani Maternity Hospital,Gujarat,Vadodara,pincode_inferred,obgyn,claimed,strong,"Janani Maternity Hospital is listed as a private hospital in Vadodara, Gujarat, 390001.",Explicit capability term found in facility description.,deterministic_regex_v1,2026-06-15T22:19:20.311029+00:00
facility:0d9c1629-aa77-4b85-b2e3-e8173ff26e2c,Narayan Hospital And Trauma Centre,Uttarakhand,Rampur,pincode_inferred,emergency_24x7,claimed,partial,"Narayan Hospital And Trauma Centre is listed as a private hospital in Rudrapur, Uttarakhand, 244901.","Related term found, but capability is not stated explicitly.",deterministic_regex_v1,2026-06-15T22:19:20.311029+00:00
facility:0ea44f72-4b2d-4b7c-8ecf-0ff2c1df924f,Nalbari Maternity Hospital,Assam,Nalbari,pincode_inferred,obgyn,claimed,strong,"Nalbari Maternity Hospital is listed as a private hospital in Nalbari, Assam, 781335.",Explicit capability term found in facility description.,deterministic_regex_v1,2026-06-15T22:19:20.311029+00:00
facility:0f6a2352-2ff0-4d04-a4cf-640a70ad54cf,Bathinda Neurospine and Trauma Centre,Punjab,Bathinda,pincode_inferred,emergency_24x7,claimed,partial,"Bathinda Neurospine and Trauma Centre is listed as a private hospital in Bathinda, Punjab, 151001.","Related term found, but capability is not stated explicitly.",deterministic_regex_v1,2026-06-15T22:19:20.311029+00:00
facility:1247b299-f57a-469b-b665-6368e379e244,Hfrc Dialysis Center,Maharashtra,Mumbai Suburban,pincode_inferred,dialysis,claimed,strong,"Hfrc Dialysis Center is listed as a clinic in Kandivali West, Maharashtra, 400067.",Explicit capability term found in facility description.,deterministic_regex_v1,2026-06-15T22:19:20.311029+00:00
facility:12621af8-1a9e-47e6-8acd-933cc60e09f4,St George Charitable Dialysis Centre,Kerala,Kozhikode,pincode_inferred,dialysis,claimed,strong,"St George Charitable Dialysis Centre is listed as a private clinic in Kozhikode, Kerala, 673586.",Explicit capability term found in facility description.,deterministic_regex_v1,2026-06-15T22:19:20.311029+00:00
facility:13e882f3-0534-4fff-b524-016a3babe907,Mantri Surgical & Maternity Hospital,Maharashtra,Jalna,pincode_inferred,obgyn,claimed,strong,"Mantri Surgical & Maternity Hospital is listed as a private hospital in Jalna, Maharashtra, 431203.",Explicit capability term found in facility description.,deterministic_regex_v1,2026-06-15T22:19:20.311029+00:00
facility:14721df7-2100-43d3-b8fa-0b0709cbefca,Currae Gynaec IVF Birthing Hospital,Maharashtra,Thane,pincode_inferred,c_section,claimed,partial,"Currae Gynaec IVF Birthing Hospital is listed as a private hospital in Thane, Maharashtra, 400607.","Related term found, but capability is not stated explicitly.",deterministic_regex_v1,2026-06-15T22:19:20.311029+00:00
facility:14721df7-2100-43d3-b8fa-0b0709cbefca,Currae Gynaec IVF Birthing Hospital,Maharashtra,Thane,pincode_inferred,obgyn,claimed,strong,"Currae Gynaec IVF Birthing Hospital is listed as a private hospital in Thane, Maharashtra, 400607.",Explicit capability term found in facility description.,deterministic_regex_v1,2026-06-15T22:19:20.311029+00:00
facility:173fb773-da8f-4787-bcb0-4e71be3f41ef,Sai Medical Hospital And Maternity Home,Gujarat,Surat,pincode_inferred,obgyn,claimed,strong,"Sai Medical Hospital And Maternity Home is listed as a hospital in Surat, Gujarat, 394515.",Explicit capability term found in facility description.,deterministic_regex_v1,2026-06-15T22:19:20.311029+00:00
facility:18539bb7-04de-4d58-9d74-59b8b60b8b0a,Ketkar Maternity Hospital & Research Institute,Maharashtra,Nagpur,pincode_inferred,obgyn,claimed,strong,"Ketkar Maternity Hospital & Research Institute is listed as a private hospital in Nagpur, Maharashtra, 440...",Explicit capability term found in facility description.,deterministic_regex_v1,2026-06-15T22:19:20.311029+00:00
facility:1866f9cf-3435-44aa-808c-0053092c0b86,"Hi-Tech Emergency Hospital – Saguna More, Bailey Road, Patna-801503",Bihar,Patna,pincode_inferred,emergency_24x7,claimed,partial,"Hi-Tech Emergency Hospital – Saguna More, Bailey Road, Patna-801503 is listed as a private hospital in Patn...","Related term found, but capability is not stated explicitly.",deterministic_regex_v1,2026-06-15T22:19:20.311029+00:00
facility:189f7645-d64a-4340-8715-852c1e40f414,Prem Hospital Super Speciality & Trauma Centre,Uttarakhand,Haridwar,pincode_inferred,emergency_24x7,claimed,partial,"Prem Hospital Super Speciality & Trauma Centre is listed as a private hospital in Jwalapur, Uttarakhand, 249407.","Related term found, but capability is not stated explicitly.",deterministic_regex_v1,2026-06-15T22:19:20.311029+00:00
facility:18c16dcd-da71-4525-b73d-d83770e4280b,Rukhsana Medical & Trauma Center,Uttar Pradesh,Lucknow,pincode_inferred,emergency_24x7,claimed,partial,"Rukhsana Medical & Trauma Center is listed as a private hospital in Lucknow, Uttar Pradesh, 226003.","Related term found, but capability is not stated explicitly.",deterministic_regex_v1,2026-06-15T22:19:20.311029+00:00
facility:19be3390-d863-422e-b5e0-ed29b58d6084,Aakanksha Children Hospital & Neonatal Nursery,Gujarat,Ahmadabad,pincode_inferred,nicu,claimed,partial,"Aakanksha Children Hospital & Neonatal Nursery is listed as a private hospital in Ahmedabad, Gujarat, 380013.","Related term found, but capability is not stated explicitly.",deterministic_regex_v1,2026-06-15T22:19:20.311029+00:00
facility:19f547d7-c926-4e9d-99a6-25895c74d93f,Vrundavan Hospital & ICU,Gujarat,Ahmadabad,pincode_inferred,icu,claimed,strong,"Vrundavan Hospital & ICU is listed as a private hospital in Ahmedabad, Gujarat, 380052.",Explicit capability term found in facility description.,deterministic_regex_v1,2026-06-15T22:19:20.311029+00:00
facility:1abd52f3-879a-4c54-aba6-d59043d9f601,"Rastra Kavi Dinkar Blood Bank, Sadar Hospital",Bihar,Gopalganj,pincode_inferred,blood_bank,claimed,strong,"Rastra Kavi Dinkar Blood Bank, Sadar Hospital is listed as a public hospital in Gopalganj, Bihar, 841428.",Explicit capability term found in facility description.,deterministic_regex_v1,2026-06-15T22:19:20.311029+00:00
facility:1b093c98-8d1c-4715-a67b-4441e0d7e7ce,Orison Super Speciality Hospital Infertility & Trauma Centre,Punjab,Ludhiana,pincode_inferred,emergency_24x7,claimed,partial,"Orison Super Speciality Hospital Infertility & Trauma Centre is listed as a private hospital in Ludhiana, Punjab, 141012.","Related term found, but capability is not stated explicitly.",deterministic_regex_v1,2026-06-15T22:19:20.311029+00:00
facility:1c420e0b-62be-4936-9190-0f7c995cfe79,Care Infinity Ent And Maternity Clinic,Bihar,Patna,pincode_inferred,obgyn,claimed,strong,"Care Infinity Ent And Maternity Clinic is listed as a private clinic in Patna, Bihar, 800001.",Explicit capability term found in facility description.,deterministic_regex_v1,2026-06-15T22:19:20.311029+00:00
facility:1daf7a2f-5b79-43b9-a8d8-ceb3ba3f9841,Spandan Maternity Home,Gujarat,Kachchh,pincode_inferred,obgyn,claimed,strong,"Spandan Maternity Home is listed as a private hospital in Bhuj, Gujarat, 370040.",Explicit capability term found in facility description.,deterministic_regex_v1,2026-06-15T22:19:20.311029+00:00
facility:1e212668-e2bb-48d6-9f9f-21a38b6417c5,Mansi Maternity and Surgical Nursing Home,Maharashtra,Mumbai Suburban,pincode_inferred,obgyn,claimed,strong,"Mansi Maternity and Surgical Nursing Home is listed as a private hospital in Mumbai, Maharashtra, 400086.",Explicit capability term found in facility description.,deterministic_regex_v1,2026-06-15T22:19:20.311029+00:00
facility:1ee06ace-37e0-47db-91c6-7a7d4ca9e286,"Blood Bank, District Hospital, Satna",Madhya Pradesh,Katni,pincode_inferred,blood_bank,claimed,strong,"Blood Bank, District Hospital, Satna is listed as a public hospital in Satna, Madhya Pradesh, 483501...",Explicit capability term found in facility description.,deterministic_regex_v1,2026-06-15T22:19:20.311029+00:00
facility:1f0d283f-92d9-473a-acb2-abf39006226e,Satyam Hospital Trauma Centre,Punjab,Jalandhar,pincode_inferred,emergency_24x7,claimed,partial,"Satyam Hospital Trauma Centre is listed as a private hospital in Jalandhar, Punjab, 144001.","Related term found, but capability is not stated explicitly.",deterministic_regex_v1,2026-06-15T22:19:20.311029+00:00
facility:1f75edd6-b4a6-408c-87e7-4a11c31bcf4a,Raashi Orthopaedic & Maternity Hospital,Gujarat,Surat,pincode_inferred,obgyn,claimed,strong,"Raashi Orthopaedic & Maternity Hospital is listed as a hospital in Surat, Gujarat, 395003.",Explicit capability term found in facility description.,deterministic_regex_v1,2026-06-15T22:19:20.311029+00:00
facility:1f988683-2fd6-42fa-8082-1cd04b2c4726,Shanti Maternity and Nursing Home,Haryana,Karnal,pincode_inferred,obgyn,claimed,strong,"Shanti Maternity and Nursing Home is listed as a private clinic in Rohtak, Haryana, 132001.",Explicit capability term found in facility description.,deterministic_regex_v1,2026-06-15T22:19:20.311029+00:00
facility:204b83bc-f4f5-4f8c-811c-1a7d755f3158,"New Lakhanpur Hospital And Trauma Center, Lakhanpur",Uttar Pradesh,Kanpur Nagar,pincode_inferred,emergency_24x7,claimed,partial,"New Lakhanpur Hospital And Trauma Center, Lakhanpur is listed as a private hospital in Lakhanpur, Uttar Pradesh, 208024.","Related term found, but capability is not stated explicitly.",deterministic_regex_v1,2026-06-15T22:19:20.311029+00:00
facility:242b7185-4290-4737-9231-270475527ee2,"Sharma Nursing and Maternity Home, Tosham",Haryana,Bhiwani,pincode_inferred,obgyn,claimed,strong,"Sharma Nursing and Maternity Home, Tosham is listed as a private clinic in Tosham, Haryana, 127040.",Explicit capability term found in facility description.,deterministic_regex_v1,2026-06-15T22:19:20.311029+00:00
facility:2438a69f-55a6-4cbc-b4e7-ede6707157d2,B. D. Pandey District Hospital Blood Bank,Uttarakhand,Pithoragarh,pincode_inferred,blood_bank,claimed,strong,"B. D. Pandey District Hospital Blood Bank is listed as a public hospital in Pithoragarh, Uttarakhand, 262529.",Explicit capability term found in facility description.,deterministic_regex_v1,2026-06-15T22:19:20.311029+00:00
facility:2518e1d6-97f4-4329-b595-f45ea3ed9e98,Peoples Trauma And Emergency Hospital,Andhra Pradesh,Guntur,pincode_inferred,emergency_24x7,claimed,partial,"Peoples Trauma And Emergency Hospital is listed as a private hospital in Guntur, Andhra Pradesh, 522001.","Related term found, but capability is not stated explicitly.",deterministic_regex_v1,2026-06-15T22:19:20.311029+00:00
facility:2674807e-24ff-4d3c-b040-351d42a47d58,Ashirvad Maternity and Surgical Hospital,Gujarat,Vadodara,pincode_inferred,obgyn,claimed,strong,"Ashirvad Maternity and Surgical Hospital is listed as a clinic in Nizampura, Gujarat, 390001.",Explicit capability term found in facility description.,deterministic_regex_v1,2026-06-15T22:19:20.311029+00:00
facility:2954642b-59b5-4f26-bc7b-f759200a936c,Neo Medicare Children Hospital & Newborn Care Centre,Haryana,Yamunanagar,pincode_inferred,nicu,claimed,partial,"Neo Medicare Children Hospital & Newborn Care Centre is listed as a private hospital in Yamunanagar, Haryana, 135001.","Related term found, but capability is not stated explicitly.",deterministic_regex_v1,2026-06-15T22:19:20.311029+00:00
facility:2ae53c4d-6931-4509-af76-687667250e87,Sevayatan Maternity and General Hospital,Rajasthan,Jaipur,pincode_inferred,obgyn,claimed,strong,"Sevayatan Maternity and General Hospital is listed as a hospital in Jaipur, Rajasthan, 302012.",Explicit capability term found in facility description.,deterministic_regex_v1,2026-06-15T22:19:20.311029+00:00
facility:2bbc698e-16bf-4123-9795-fd49dfc2cf61,Golden Hour Hospital Superspeciality Critical Care Unit,Maharashtra,Jalgaon,pincode_inferred,icu,claimed,partial,"Golden Hour Hospital Superspeciality Critical Care Unit is listed as a hospital in Bhusawal, Maharashtra, 425201.","Related term found, but capability is not stated explicitly.",deterministic_regex_v1,2026-06-15T22:19:20.311029+00:00
facility:2cdfce57-cac2-4c1b-a9a3-08a395d5ee44,AKLAI Icu and Multispeciality Hospital,Maharashtra,Solapur,pincode_inferred,icu,claimed,strong,"AKLAI Icu and Multispeciality Hospital is listed as a hospital in Akluj, Maharashtra, 413101.",Explicit capability term found in facility description.,deterministic_regex_v1,2026-06-15T22:19:20.311029+00:00
facility:2fe82ee3-58eb-45d4-925f-45b95224fbce,Span ICU and Hospital – Chandlodia,Gujarat,Ahmadabad,pincode_inferred,icu,claimed,strong,"Span ICU and Hospital – Chandlodia is listed as a private hospital in Ahmedabad, Gujarat, 382481.",Explicit capability term found in facility description.,deterministic_regex_v1,2026-06-15T22:19:20.311029+00:00
facility:309250f6-c1eb-4962-8330-a00399490c02,"Anamiva Gynaecology, 3D Laparoscopy & Fertility Clinic",Goa,North Goa,pincode_inferred,c_section,claimed,partial,"Anamiva Gynaecology, 3D Laparoscopy & Fertility Clinic is listed as a private clinic in Panjim, Goa, 403...","Related term found, but capability is not stated explicitly.",deterministic_regex_v1,2026-06-15T22:19:20.311029+00:00
facility:309250f6-c1eb-4962-8330-a00399490c02,"Anamiva Gynaecology, 3D Laparoscopy & Fertility Clinic",Goa,North Goa,pincode_inferred,obgyn,claimed,strong,"Anamiva Gynaecology, 3D Laparoscopy & Fertility Clinic is listed as a private clinic in Panjim, Goa, 403...",Explicit capability term found in facility description.,deterministic_regex_v1,2026-06-15T22:19:20.311029+00:00
facility:33285398-aa38-4c5b-b96f-d4d8d98e452e,Dhruv Nursing And Maternity Home,Punjab,Amritsar,pincode_inferred,obgyn,claimed,strong,"Dhruv Nursing And Maternity Home is listed as a private clinic in Amritsar, Punjab, 143001.",Explicit capability term found in facility description.,deterministic_regex_v1,2026-06-15T22:19:20.311029+00:00
facility:35bc9974-c161-4098-897d-0879e22cfb76,Devi Janani Maternity & General Hospital,Kerala,Malappuram,pincode_inferred,obgyn,claimed,strong,"Devi Janani Maternity & General Hospital is listed as a hospital in Nilambur, Kerala, 679329.",Explicit capability term found in facility description.,deterministic_regex_v1,2026-06-15T22:19:20.311029+00:00
facility:3798141e-c980-4b89-8c87-b5bcfdfdde97,Ankur Paediatric Hospital & NICU,Maharashtra,Palghar,pincode_inferred,nicu,claimed,strong,"Ankur Paediatric Hospital & NICU is listed as a private hospital in Virar, Maharashtra, 401303.",Explicit capability term found in facility description.,deterministic_regex_v1,2026-06-15T22:19:20.311029+00:00
facility:37b42a31-a4a6-4c09-b313-4335f86afa97,Pranjali Maternity Surgical & General Hospital,Maharashtra,Thane,pincode_inferred,obgyn,claimed,strong,"Pranjali Maternity Surgical & General Hospital is listed as a hospital in Thane, Maharashtra, 400606.",Explicit capability term found in facility description.,deterministic_regex_v1,2026-06-15T22:19:20.311029+00:00
facility:37d6e184-df9f-4118-973a-d9aa9d384ae4,Archana Trauma & Orthopaedics Hospital & Research Centre,Assam,Dibrugarh,city_fallback,emergency_24x7,claimed,partial,"Archana Trauma & Orthopaedics Hospital & Research Centre is listed as a private hospital in Dibrugarh, A...","Related term found, but capability is not stated explicitly.",deterministic_regex_v1,2026-06-15T22:19:20.311029+00:00
facility:37fcd8ff-0d63-4129-9c09-0d4bdb8afa53,SRC Medical and Maternity Centre,Delhi,North West,pincode_inferred,obgyn,claimed,strong,"SRC Medical and Maternity Centre is listed as a private clinic in Delhi, Delhi, 110086.",Explicit capability term found in facility description.,deterministic_regex_v1,2026-06-15T22:19:20.311029+00:00
facility:39aaf176-b31f-4906-8c8e-f72a2049cb6c,Dr. Saudamini Mohapatra - Maternity Care Hospital & IVF Centre,Odisha,Khordha,pincode_inferred,obgyn,claimed,strong,"Dr. Saudamini Mohapatra - Maternity Care Hospital & IVF Centre is listed as a private hospital in Bhubaneshwar, Odisha, 75100...",Explicit capability term found in facility description.,deterministic_regex_v1,2026-06-15T22:19:20.311029+00:00
facility:3b687956-1393-4e66-8eb8-4ce65352bb43,Genesis Maternity & Laparoscopy Centre,Gujarat,Surat,pincode_inferred,obgyn,claimed,strong,"Genesis Maternity & Laparoscopy Centre is listed as a hospital in Surat, Gujarat, 395001.",Explicit capability term found in facility description.,deterministic_regex_v1,2026-06-15T22:19:20.311029+00:00
facility:3c59dd35-0e04-4868-85ad-86e300d97f02,P.P. Maniya Children's Super Speciality Hospital And Maternity Home,Gujarat,Surat,pincode_inferred,obgyn,claimed,strong,"P.P. Maniya Children's Super Speciality Hospital And Maternity Home is listed as a private hospital in Surat, Gujarat, 395006.",Explicit capability term found in facility description.,deterministic_regex_v1,2026-06-15T22:19:20.311029+00:00
facility:3d52fef8-6248-495f-bf5b-37fa8dc0bb54,"Sanjay Orthopaedic, Spine & Maternity Centre",Uttarakhand,Dehradun,pincode_inferred,obgyn,claimed,strong,"Sanjay Orthopaedic, Spine & Maternity Centre is listed as a private hospital in Dehradun, Uttarakhand, 248001.",Explicit capability term found in facility description.,deterministic_regex_v1,2026-06-15T22:19:20.311029+00:00
facility:3d535332-f4ab-458c-b346-2427621b1d97,Dr. Gaikwad's Critical Care Centre,Maharashtra,Nagpur,city_fallback,icu,claimed,partial,"Dr. Gaikwad's Critical Care Centre is listed as a private hospital in Nagpur, Maharashtra, 440009.","Related term found, but capability is not stated explicitly.",deterministic_regex_v1,2026-06-15T22:19:20.311029+00:00
facility:3e33885a-b56c-4e8d-88fd-dfd7ed13d52f,Nawaz Urology & Maternity Home,Madhya Pradesh,Bhopal,pincode_inferred,obgyn,claimed,strong,"Nawaz Urology & Maternity Home is listed as a private hospital in Bhopal, Madhya Pradesh, 462001.",Explicit capability term found in facility description.,deterministic_regex_v1,2026-06-15T22:19:20.311029+00:00
facility:3ee8b95a-27df-409d-b9ff-f3e72af3129d,Shree Ortho And Trauma Centre,Karnataka,Belagavi,pincode_inferred,emergency_24x7,claimed,partial,"Shree Ortho And Trauma Centre is listed as a private hospital in Belgaum, Karnataka, 590001.","Related term found, but capability is not stated explicitly.",deterministic_regex_v1,2026-06-15T22:19:20.311029+00:00
facility:3f158bca-9853-4986-8041-d8a14e5cb0ad,Swastik Maternity & Medical Centre – Gurgaon,Haryana,Gurugram,pincode_inferred,obgyn,claimed,strong,"Swastik Maternity & Medical Centre – Gurgaon is listed as a private hospital in Gurgaon, Haryana, 122001.",Explicit capability term found in facility description.,deterministic_regex_v1,2026-06-15T22:19:20.311029+00:00
facility:40ea84cf-9188-4914-9cca-8fc0f9911104,Deep Maternity and Nursing Home - Naroda,Gujarat,Ahmadabad,pincode_inferred,obgyn,claimed,strong,"Deep Maternity and Nursing Home - Naroda is listed as a clinic in Ahmedabad, Gujarat, 382340.",Explicit capability term found in facility description.,deterministic_regex_v1,2026-06-15T22:19:20.311029+00:00
facility:4128f1b8-a352-4eb8-aa19-5907d7cac45d,"Healing Touch Gastrosurgery & Gynaecology Hospital 1 B Golden Avenue Phase 2 Jalandhar City, Jalandhar",Jalandhar,Jalandhar,pincode_inferred,c_section,claimed,partial,"Healing Touch Gastrosurgery & Gynaecology Hospital 1 B Golden Avenue Phase 2 Jalandhar City, Jalandhar is listed as a private...","Related term found, but capability is not stated explicitly.",deterministic_regex_v1,2026-06-15T22:19:20.311029+00:00
facility:4128f1b8-a352-4eb8-aa19-5907d7cac45d,"Healing Touch Gastrosurgery & Gynaecology Hospital 1 B Golden Avenue Phase 2 Jalandhar City, Jalandhar",Jalandhar,Jalandhar,pincode_inferred,obgyn,claimed,strong,"Healing Touch Gastrosurgery & Gynaecology Hospital 1 B Golden Avenue Phase 2 Jalandhar City, Jalandhar is listed as a private...",Explicit capability term found in facility description.,deterministic_regex_v1,2026-06-15T22:19:20.311029+00:00
facility:43805537-0db7-45b5-b57e-7bde43b53779,Neha Children Hospital & Neonatal Centre,Gujarat,Ahmadabad,pincode_inferred,nicu,claimed,partial,"Neha Children Hospital & Neonatal Centre is listed as a private hospital in Ahmedabad, Gujarat, 380008.","Related term found, but capability is not stated explicitly.",deterministic_regex_v1,2026-06-15T22:19:20.311029+00:00
facility:450d3c7e-7603-4cee-9836-f7d15cc792cc,Shakya Nursing And Maternity Home,Uttar Pradesh,Agra,pincode_inferred,obgyn,claimed,strong,"Shakya Nursing And Maternity Home is listed as a private hospital in Agra, Uttar Pradesh, 282002.",Explicit capability term found in facility description.,deterministic_regex_v1,2026-06-15T22:19:20.311029+00:00
facility:466dcb1e-52a2-4321-8d12-e5675b03cba1,Hb Dialysis Centre,Haryana,Mahendragarh,pincode_inferred,dialysis,claimed,strong,"Hb Dialysis Centre is listed as a clinic in Narnaul, Haryana, 123001.",Explicit capability term found in facility description.,deterministic_regex_v1,2026-06-15T22:19:20.311029+00:00
facility:47e2b4c6-23ba-44a8-bfb2-a80eef9ffc9e,"HMH Hospital & Trauma Center, Najibabad",Uttar Pradesh,Bijnor,pincode_inferred,emergency_24x7,claimed,partial,"HMH Hospital & Trauma Center, Najibabad is listed as a private hospital in Najibabad, Uttar Pradesh, 246763.","Related term found, but capability is not stated explicitly.",deterministic_regex_v1,2026-06-15T22:19:20.311029+00:00
facility:494773ce-dbc8-444a-8cff-8e85b376e905,Premier Hospital and ICU,Gujarat,Rajkot,pincode_inferred,icu,claimed,strong,"Premier Hospital and ICU is listed as a private hospital in Rajkot, Gujarat, 360004.",Explicit capability term found in facility description.,deterministic_regex_v1,2026-06-15T22:19:20.311029+00:00
facility:49e46a47-07ec-4234-aabe-07fa94223806,Mirus Critical Care Centre,Uttar Pradesh,Lucknow,pincode_inferred,icu,claimed,partial,"Mirus Critical Care Centre is listed as a private hospital in Lucknow, Uttar Pradesh, 226010.","Related term found, but capability is not stated explicitly.",deterministic_regex_v1,2026-06-15T22:19:20.311029+00:00
facility:4a4f5851-0220-4767-9430-229122471c11,Tolly Lions Dialysis Centre,West Bengal,Kolkata,pincode_inferred,dialysis,claimed,strong,"Tolly Lions Dialysis Centre is listed as a private clinic in Kolkata, West Bengal, 700107.",Explicit capability term found in facility description.,deterministic_regex_v1,2026-06-15T22:19:20.311029+00:00
facility:4af09722-4861-4ee3-90e0-c6c16a6627a2,Patel Hospital And ICU,Gujarat,Vadodara,pincode_inferred,icu,claimed,strong,"Patel Hospital And ICU is listed as a private hospital in Vadodara, Gujarat, 390021.",Explicit capability term found in facility description.,deterministic_regex_v1,2026-06-15T22:19:20.311029+00:00
facility:4afa8b92-64c8-4921-a3a8-6c8a81e6c786,Runwal Accident and Maternity Hospital,Maharashtra,Jalna,pincode_inferred,obgyn,claimed,strong,"Runwal Accident and Maternity Hospital is listed as a private hospital in Jalna, Maharashtra, 431203.",Explicit capability term found in facility description.,deterministic_regex_v1,2026-06-15T22:19:20.311029+00:00
facility:4b0a57d1-7379-401d-b969-d491ade40c77,Kailash Hospital Trauma and Research Center Jodhpur,Rajasthan,Jodhpur,pincode_inferred,emergency_24x7,claimed,partial,"Kailash Hospital Trauma and Research Center Jodhpur is listed as a private hospital in Jodhpur City, Rajasthan, 3...","Related term found, but capability is not stated explicitly.",deterministic_regex_v1,2026-06-15T22:19:20.311029+00:00
facility:4bb9296b-bb0b-478f-990a-ce76aa55e524,Kolhapur Institute Of Orthopaedic & Trauma Hospital,Maharashtra,Kolhapur,pincode_inferred,emergency_24x7,claimed,partial,"Kolhapur Institute Of Orthopaedic & Trauma Hospital is listed as a private hospital in Kolhapur, Maharashtra, 416001.","Related term found, but capability is not stated explicitly.",deterministic_regex_v1,2026-06-15T22:19:20.311029+00:00
facility:4f222f08-37fb-418f-872f-b6de914570b9,Sanjay Gandhi Institute of Trauma & Orthopaedics,Karnataka,Bengaluru Urban,pincode_inferred,emergency_24x7,claimed,partial,"Sanjay Gandhi Institute of Trauma & Orthopaedics is listed as a public hospital in Bengaluru, Karnataka, 560011.","Related term found, but capability is not stated explicitly.",deterministic_regex_v1,2026-06-15T22:19:20.311029+00:00
facility:4f722256-a45c-4a1d-aee2-a7b1773fc9d8,Candor IVF Hospital & Maternity Home,Gujarat,Surat,pincode_inferred,obgyn,claimed,strong,"Candor IVF Hospital & Maternity Home is listed as a private hospital in Surat, Gujarat, 395006.",Explicit capability term found in facility description.,deterministic_regex_v1,2026-06-15T22:19:20.311029+00:00
facility:509b19b8-600f-441a-adca-5542407e5069,Shankarnath Dialysis Centre and Nursing Home,West Bengal,Kolkata,pincode_inferred,dialysis,claimed,strong,"Shankarnath Dialysis Centre and Nursing Home is listed as a private clinic in Kolkata, West Bengal, 700033.",Explicit capability term found in facility description.,deterministic_regex_v1,2026-06-15T22:19:20.311029+00:00
facility:5391500c-854c-46dc-9df0-2a19b64ae164,Srinivasa Nursing Home & Maternity Centre,Karnataka,Kolar,pincode_inferred,obgyn,claimed,strong,"Srinivasa Nursing Home & Maternity Centre is listed as a private clinic in Bangalore, Karnataka, 563101.",Explicit capability term found in facility description.,deterministic_regex_v1,2026-06-15T22:19:20.311029+00:00
facility:5566c893-b5a3-4293-b5d7-34f2c1df7adc,Thakur Eye & Maternity Hospital,Haryana,Karnal,pincode_inferred,obgyn,claimed,strong,"Thakur Eye & Maternity Hospital is listed as a private hospital in Karnal, Haryana, 132001.",Explicit capability term found in facility description.,deterministic_regex_v1,2026-06-15T22:19:20.311029+00:00
facility:57f31693-880f-4339-a4af-ced2df0a820f,Critical Care Hospital & Research Institute,Assam,Kamrup Metro,pincode_inferred,icu,claimed,partial,"Critical Care Hospital & Research Institute is listed as a private hospital in Guwahati, Assam, 781040.","Related term found, but capability is not stated explicitly.",deterministic_regex_v1,2026-06-15T22:19:20.311029+00:00
facility:58001cd5-73ef-45b3-bdd8-e32375bee391,Sevak Maternity & Surgical Hospital,Gujarat,Ahmadabad,pincode_inferred,obgyn,claimed,strong,"Sevak Maternity & Surgical Hospital is listed as a private hospital in Ahmedabad, Gujarat, 380005.",Explicit capability term found in facility description.,deterministic_regex_v1,2026-06-15T22:19:20.311029+00:00
facility:5ab66909-41a2-4699-969c-3cbe8b127a6b,"Parbhani Icu And Trauma Care, New Mondha",New Mondha,Parbhani,pincode_inferred,emergency_24x7,claimed,partial,"Parbhani Icu And Trauma Care, New Mondha is listed as a private clinic in Parbhani, New Mondha, 431401.","Related term found, but capability is not stated explicitly.",deterministic_regex_v1,2026-06-15T22:19:20.311029+00:00
facility:5ab66909-41a2-4699-969c-3cbe8b127a6b,"Parbhani Icu And Trauma Care, New Mondha",New Mondha,Parbhani,pincode_inferred,icu,claimed,strong,"Parbhani Icu And Trauma Care, New Mondha is listed as a private clinic in Parbhani, New Mondha, 431401...",Explicit capability term found in facility description.,deterministic_regex_v1,2026-06-15T22:19:20.311029+00:00
facility:5bf697d8-e445-40f2-8861-a49b35cfdb96,Rama Multispeciality Hospital & Trauma Center,Uttar Pradesh,Bareilly,pincode_inferred,emergency_24x7,claimed,partial,"Rama Multispeciality Hospital & Trauma Center is listed as a hospital in Azamgarh, Uttar Pradesh, 243201.","Related term found, but capability is not stated explicitly.",deterministic_regex_v1,2026-06-15T22:19:20.311029+00:00
facility:5d03577a-327f-4944-95d7-3ce474b2bcfd,Medicaid Hospital & Critical Care Center,Punjab,Amritsar,pincode_inferred,icu,claimed,partial,"Medicaid Hospital & Critical Care Center is listed as a private hospital in Amritsar, Punjab, 143001.","Related term found, but capability is not stated explicitly.",deterministic_regex_v1,2026-06-15T22:19:20.311029+00:00
facility:5d59971c-41a3-4719-993f-c5478eea60f8,"Dev Primus Multi Super Speciality Hospital & Trauma Center Near 100 Futa Tiraha Pilibhit Bypass Road, Bareilly",Uttar Pradesh,Bareilly,pincode_inferred,emergency_24x7,claimed,partial,"Dev Primus Multi Super Speciality Hospital & Trauma Center Near 100 Futa Tiraha Pilibhit Bypass Road, Bareilly is listed as a private hospita...","Related term found, but capability is not stated explicitly.",deterministic_regex_v1,2026-06-15T22:19:20.311029+00:00
facility:5dbb1e61-b674-49c3-88a2-5d45fa023c46,Shiva Hospital and Trauma Centre,Jharkhand,Deoghar,pincode_inferred,emergency_24x7,claimed,partial,"Shiva Hospital and Trauma Centre is listed as a hospital in Deoghar, Jharkhand, 814112.","Related term found, but capability is not stated explicitly.",deterministic_regex_v1,2026-06-15T22:19:20.311029+00:00
facility:5fc3d75c-a294-4af1-acbe-7fec56f9d258,Loomba Maternity and ENT Hospital,Haryana,Ambala,pincode_inferred,obgyn,claimed,strong,"Loomba Maternity and ENT Hospital is listed as a private hospital in Ambala Cantt, Haryana, 133001.",Explicit capability term found in facility description.,deterministic_regex_v1,2026-06-15T22:19:20.311029+00:00
facility:601cee71-29b8-4737-b998-ffd0765cba4b,Orange Neonatal And Pediatric Intensive Care Unit,Gujarat,Ahmadabad,pincode_inferred,nicu,claimed,partial,"Orange Neonatal And Pediatric Intensive Care Unit is listed as a private hospital in Ahmedabad, Gujarat,...","Related term found, but capability is not stated explicitly.",deterministic_regex_v1,2026-06-15T22:19:20.311029+00:00
facility:601cee71-29b8-4737-b998-ffd0765cba4b,Orange Neonatal And Pediatric Intensive Care Unit,Gujarat,Ahmadabad,pincode_inferred,icu,claimed,strong,"Orange Neonatal And Pediatric Intensive Care Unit is listed as a private hospital in Ahmedabad, Gujarat, 380006.",Explicit capability term found in facility description.,deterministic_regex_v1,2026-06-15T22:19:20.311029+00:00
facility:6027060f-ee65-4517-bb81-12dd30d3b772,Orkids Children's Hospital and Critical Care Center,Maharashtra,Gondia,pincode_inferred,icu,claimed,partial,"Orkids Children's Hospital and Critical Care Center is listed as a hospital in Gondia, Maharashtra, 441601.","Related term found, but capability is not stated explicitly.",deterministic_regex_v1,2026-06-15T22:19:20.311029+00:00
facility:60fa4404-2fd1-4a6d-9a0c-d36d7ef39cf5,Sanjeevani Blood Bank Ambala Cantt,Haryana,Ambala,pincode_inferred,blood_bank,claimed,strong,"Sanjeevani Blood Bank Ambala Cantt is listed as a private health facility in Ambala Cantt, Haryana, 133001.",Explicit capability term found in facility description.,deterministic_regex_v1,2026-06-15T22:19:20.311029+00:00
facility:629b3b35-fca4-467d-bbec-c798961705ee,Latika Eye & Maternity Specialty Clinic Goregaon West,Maharashtra,Mumbai,city_fallback,obgyn,claimed,strong,"Latika Eye & Maternity Specialty Clinic Goregaon West is listed as a private clinic in Mumbai, Maharashtra, 4000...",Explicit capability term found in facility description.,deterministic_regex_v1,2026-06-15T22:19:20.311029+00:00
facility:62db6568-50e8-49cc-abf3-f2fa9737dfe8,Sumathi Nursing & Maternity Home,Karnataka,Bengaluru Urban,pincode_inferred,obgyn,claimed,strong,"Sumathi Nursing & Maternity Home is listed as a private clinic in Bengaluru, Karnataka, 560054.",Explicit capability term found in facility description.,deterministic_regex_v1,2026-06-15T22:19:20.311029+00:00
facility:6471cfb3-4000-41b7-b475-fa4ddc96d098,Telsang Maternity Hospital,Karnataka,Bagalkot,pincode_inferred,obgyn,claimed,strong,"Telsang Maternity Hospital is listed as a private hospital in Bagalkot, Karnataka, 587101.",Explicit capability term found in facility description.,deterministic_regex_v1,2026-06-15T22:19:20.311029+00:00
facility:66275645-2456-4ec6-abac-f3b465e5ebf4,Achal Dental Clinic And Maxillofacial Trauma Centre,Almora,Almora,pincode_inferred,emergency_24x7,claimed,partial,"Achal Dental Clinic And Maxillofacial Trauma Centre is listed as a private clinic in Almora, Almora, 263601.","Related term found, but capability is not stated explicitly.",deterministic_regex_v1,2026-06-15T22:19:20.311029+00:00
facility:675da021-bacf-4f1f-ab34-c0a776124b80,Malhotra Hospital & Trauma Centre,Himachal Pradesh,Mandi,pincode_inferred,emergency_24x7,claimed,partial,"Malhotra Hospital & Trauma Centre is listed as a private hospital in Ner Chowk, Himachal Pradesh, 175001.","Related term found, but capability is not stated explicitly.",deterministic_regex_v1,2026-06-15T22:19:20.311029+00:00
facility:68ed47d2-81a7-445f-adc8-37a055f1cad2,Anjani Hospital & ICU,Gujarat,Surat,pincode_inferred,icu,claimed,strong,"Anjani Hospital & ICU is listed as a private hospital in Surat, Gujarat, 395005.",Explicit capability term found in facility description.,deterministic_regex_v1,2026-06-15T22:19:20.311029+00:00
facility:696a8ec0-b720-467f-b57b-86fc2cb80493,Star Medicity Superspeciality Hospital & Trauma Centre,Punjab,Patiala,pincode_inferred,emergency_24x7,claimed,partial,"Star Medicity Superspeciality Hospital & Trauma Centre is listed as a private hospital in Patiala, Punjab, 147001.","Related term found, but capability is not stated explicitly.",deterministic_regex_v1,2026-06-15T22:19:20.311029+00:00
facility:6bc16b01-1e1d-44c2-9e8b-463ab894cd66,"Rainbow Multispeciality Hospital And Trauma Centre, Moti Nagar, Narnaul",Haryana,Mahendragarh,pincode_inferred,emergency_24x7,claimed,partial,"Rainbow Multispeciality Hospital And Trauma Centre, Moti Nagar, Narnaul is listed as a private hospital in Narnaul, Haryana, 123001.","Related term found, but capability is not stated explicitly.",deterministic_regex_v1,2026-06-15T22:19:20.311029+00:00
facility:6be2e85f-8441-4257-85cd-aaf2425f542b,Gupta Maternity Hospital & Dental Clinic,Punjab,Kapurthala,pincode_inferred,obgyn,claimed,strong,"Gupta Maternity Hospital & Dental Clinic is listed as a private hospital in Kapurthala, Punjab, 144601.",Explicit capability term found in facility description.,deterministic_regex_v1,2026-06-15T22:19:20.311029+00:00
facility:6c68a386-da79-414e-a1cf-ad4142c2c47f,Khivraj Chordia Memorial Dialysis Center,Tamil Nadu,Chennai,pincode_inferred,dialysis,claimed,strong,"Khivraj Chordia Memorial Dialysis Center is listed as a private clinic in Chennai, Tamil Nadu, 600004.",Explicit capability term found in facility description.,deterministic_regex_v1,2026-06-15T22:19:20.311029+00:00
facility:6ccb2776-d3ce-4667-a692-6f84dc5c9dc3,Shree Ram Trauma & Super Speciality Hospital,Rajasthan,Sikar,pincode_inferred,emergency_24x7,claimed,partial,"Shree Ram Trauma & Super Speciality Hospital is listed as a hospital in Sikar, Rajasthan, 332001.","Related term found, but capability is not stated explicitly.",deterministic_regex_v1,2026-06-15T22:19:20.311029+00:00
facility:6efe95fc-c138-40fc-b078-54f993efe916,Prabha Hospitals And Trauma Center,Sikandra,Agra,pincode_inferred,emergency_24x7,claimed,partial,"Prabha Hospitals And Trauma Center is listed as a private hospital in Agra, Sikandra, 282007.","Related term found, but capability is not stated explicitly.",deterministic_regex_v1,2026-06-15T22:19:20.311029+00:00
facility:702a22a9-0c4c-49b4-afbe-e54b42750283,Vasudev Multispeciality Hospital and Apollo Dialysis Clinic,Chhattisgarh,Raipur,pincode_inferred,dialysis,claimed,strong,"Vasudev Multispeciality Hospital and Apollo Dialysis Clinic is listed as a private hospital in Raipur, Chhattisgarh, 492013.",Explicit capability term found in facility description.,deterministic_regex_v1,2026-06-15T22:19:20.311029+00:00
facility:702c7471-d5b5-4a30-8b3c-ee296977ed0e,Soni Orthopaedic Hospital and Trauma Centre,Haryana,Kurukshetra,pincode_inferred,emergency_24x7,claimed,partial,"Soni Orthopaedic Hospital and Trauma Centre is listed as a private hospital in Kurukshetra, Haryana, 136118.","Related term found, but capability is not stated explicitly.",deterministic_regex_v1,2026-06-15T22:19:20.311029+00:00
facility:7058a301-ed31-4edf-a909-d9bbfad62f5f,Ishwarya Maternity Hospital,Andhra Pradesh,Ntr,pincode_inferred,obgyn,claimed,strong,"Ishwarya Maternity Hospital is listed as a private hospital in Vijayawada, Andhra Pradesh, 520002.",Explicit capability term found in facility description.,deterministic_regex_v1,2026-06-15T22:19:20.311029+00:00
facility:71fe0119-a6c0-4497-aacb-749c11e42864,Daya Royal Hospital & Trauma Centre,Thrissur,Thrissur,pincode_inferred,emergency_24x7,claimed,partial,"Daya Royal Hospital & Trauma Centre is listed as a private hospital in Kunnamkulam, Thrissur, 680503.","Related term found, but capability is not stated explicitly.",deterministic_regex_v1,2026-06-15T22:19:20.311029+00:00
facility:7334bfce-5c67-42e8-97ad-6d3bc1ab4c3c,Dr. Venkataramana Heart and Maternity Hospital,Andhra Pradesh,Chittoor,pincode_inferred,obgyn,claimed,strong,"Dr. Venkataramana Heart and Maternity Hospital is listed as a private hospital in Tirupati, Andhra Pradesh, 517501.",Explicit capability term found in facility description.,deterministic_regex_v1,2026-06-15T22:19:20.311029+00:00
facility:735c4f3e-ccfe-401c-af0d-44177c2c5554,Apex Multispeciality and Trauma Centre,Gujarat,Bharuch,pincode_inferred,emergency_24x7,claimed,partial,"Apex Multispeciality and Trauma Centre is listed as a private hospital in Bharuch, Gujarat, 392001.","Related term found, but capability is not stated explicitly.",deterministic_regex_v1,2026-06-15T22:19:20.311029+00:00
facility:73b56deb-dc89-40bc-a1d5-73f684bb6adc,R K Sindhi Sangh Maternity Hospital,Uttar Pradesh,Kanpur Nagar,pincode_inferred,obgyn,claimed,strong,"R K Sindhi Sangh Maternity Hospital is listed as a private hospital in Kanpur, Uttar Pradesh, 208006.",Explicit capability term found in facility description.,deterministic_regex_v1,2026-06-15T22:19:20.311029+00:00
facility:74db5edf-43c8-4c9a-851f-a68a1bc1e5cf,Anjani Maternity Home,Gujarat,Bharuch,pincode_inferred,obgyn,claimed,strong,"Anjani Maternity Home is listed as a private hospital in Ankleshwar, Gujarat, 393001.",Explicit capability term found in facility description.,deterministic_regex_v1,2026-06-15T22:19:20.311029+00:00
facility:7683404b-231d-4b74-bd35-1c85d1457046,Varia Hospital And ICU,Gujarat,Bharuch,pincode_inferred,icu,claimed,strong,"Varia Hospital And ICU is listed as a private hospital in Bharuch, Gujarat, 392230.",Explicit capability term found in facility description.,deterministic_regex_v1,2026-06-15T22:19:20.311029+00:00
facility:76c77c05-0978-4e19-b41f-1fc23b28cfe0,Aditya Hospital and Maternity Home,Chhattisgarh,Mahasamund,pincode_inferred,obgyn,claimed,strong,"Aditya Hospital and Maternity Home is listed as a private hospital in Mahasamund, Chhattisgarh, 493445.",Explicit capability term found in facility description.,deterministic_regex_v1,2026-06-15T22:19:20.311029+00:00
facility:77819ec7-f4cc-47df-adff-ecbc24868491,Manisha Maternity and Malhar Surgical Nursing Home,Gujarat,Surat,pincode_inferred,obgyn,claimed,strong,"Manisha Maternity and Malhar Surgical Nursing Home is listed as a private hospital in Surat, Gujarat, 39500...",Explicit capability term found in facility description.,deterministic_regex_v1,2026-06-15T22:19:20.311029+00:00
facility:7bdc52c3-fb3b-4949-a2e6-29d6319cf19f,"Beri Maternity Hospital, Putligarh, Amritsar",Punjab,Amritsar,pincode_inferred,obgyn,claimed,strong,"Beri Maternity Hospital, Putligarh, Amritsar is listed as a private hospital in Amritsar, Punjab, 143001...",Explicit capability term found in facility description.,deterministic_regex_v1,2026-06-15T22:19:20.311029+00:00
facility:7c838a2f-9c48-442f-8258-709fee259af7,Sushrut Trauma Centre,Uttarakhand,Haridwar,pincode_inferred,emergency_24x7,claimed,partial,"Sushrut Trauma Centre is listed as a private hospital in Haridwar, Uttarakhand, 249407.","Related term found, but capability is not stated explicitly.",deterministic_regex_v1,2026-06-15T22:19:20.311029+00:00
facility:7e6e4ee0-36b6-4c6c-9574-d7f2fdfde41e,Krishna Maternity Home & Paediatrics Centre,Tamil Nadu,Tirunelveli,pincode_inferred,obgyn,claimed,strong,"Krishna Maternity Home & Paediatrics Centre is listed as a private hospital in Tirunelveli, Tamil Nadu, 627...",Explicit capability term found in facility description.,deterministic_regex_v1,2026-06-15T22:19:20.311029+00:00
facility:800c8b0f-5265-4e77-8e3f-33551e49ece2,Bombay Maternity And Surgical Hospital,Gujarat,Surat,pincode_inferred,obgyn,claimed,strong,"Bombay Maternity And Surgical Hospital is listed as a private hospital in Surat, Gujarat, 395007.",Explicit capability term found in facility description.,deterministic_regex_v1,2026-06-15T22:19:20.311029+00:00
facility:812054bf-6c53-4f85-bbfc-cedc18fda605,National Super Speciality Hospital And Trauma Centre,Uttar Pradesh,Azamgarh,pincode_inferred,emergency_24x7,claimed,partial,"National Super Speciality Hospital And Trauma Centre is listed as a private hospital in Azamgarh, Uttar Pradesh, 276001.","Related term found, but capability is not stated explicitly.",deterministic_regex_v1,2026-06-15T22:19:20.311029+00:00
facility:82f1d1c5-f695-4c81-bc4d-094f1e35f2ec,Rajat Maternity & General Hospital,Rajasthan,Jaipur,pincode_inferred,obgyn,claimed,strong,"Rajat Maternity & General Hospital is listed as a private hospital in Jaipur, Rajasthan, 302034.",Explicit capability term found in facility description.,deterministic_regex_v1,2026-06-15T22:19:20.311029+00:00
facility:830c9cb2-3fce-46c1-b1f2-93e303b19768,Maa Kawalpati Hospital Maternity & Research Center,Uttar Pradesh,Ghazipur,pincode_inferred,obgyn,claimed,strong,"Maa Kawalpati Hospital Maternity & Research Center is listed as a hospital in Ghazipur, Uttar Pradesh, 233001.",Explicit capability term found in facility description.,deterministic_regex_v1,2026-06-15T22:19:20.311029+00:00
facility:8354ebb1-e2c1-4060-93cd-94c84c5f2ab4,"Nagpal Nursing & Maternity Home - Kurukshetra Sector 17, Kurukshetra Red Road, Sector 17, Kurukshetra-136118, Haryana",Haryana,Kurukshetra,pincode_inferred,obgyn,claimed,strong,"Nagpal Nursing & Maternity Home - Kurukshetra Sector 17, Kurukshetra Red Road, Sector 17, Kurukshetra-136118, Haryan...",Explicit capability term found in facility description.,deterministic_regex_v1,2026-06-15T22:19:20.311029+00:00
facility:83703c0d-906a-4dac-9581-9bf47f9d3e94,SMF Emergency Hospital,Tamil Nadu,Coimbatore,pincode_inferred,emergency_24x7,claimed,partial,"SMF Emergency Hospital is listed as a hospital in Annur, Tamil Nadu, 641653.","Related term found, but capability is not stated explicitly.",deterministic_regex_v1,2026-06-15T22:19:20.311029+00:00
facility:844196a9-6daf-4d88-8915-9a0fd35cd31f,EECH - Erode Emergency Care Hospital,Tamil Nadu,Erode,pincode_inferred,emergency_24x7,claimed,partial,"EECH - Erode Emergency Care Hospital is listed as a hospital in Erode, Tamil Nadu, 638001.","Related term found, but capability is not stated explicitly.",deterministic_regex_v1,2026-06-15T22:19:20.311029+00:00
facility:8558bcf1-6e14-4b72-b2c2-be4e4eca7fca,Care And Cure Multispeciality Hospital - Best Criticare Hospital - Best Trauma Care - 24 By 7 Hospital - Maninagar,Gujarat,Ahmadabad,pincode_inferred,emergency_24x7,claimed,partial,"Care And Cure Multispeciality Hospital - Best Criticare Hospital - Best Trauma Care - 24 By 7 Hospital - Maninagar is listed as a private hospital in Ahmedabad, Gujarat...","Related term found, but capability is not stated explicitly.",deterministic_regex_v1,2026-06-15T22:19:20.311029+00:00
facility:85be707f-0387-4e0d-b33c-75ddc19e2d01,Ashutosh Hospital and Trauma Centre,Uttar Pradesh,Prayagraj,pincode_inferred,emergency_24x7,claimed,partial,"Ashutosh Hospital and Trauma Centre is listed as a private hospital in Allahabad, Uttar Pradesh, 211002.","Related term found, but capability is not stated explicitly.",deterministic_regex_v1,2026-06-15T22:19:20.311029+00:00
facility:87a914f6-a8a6-4175-a5a4-c6373d8e62fc,Kadam Maternity And Nursing Home,Gujarat,Ahmadabad,pincode_inferred,obgyn,claimed,strong,"Kadam Maternity And Nursing Home is listed as a private hospital in Ahmedabad, Gujarat, 380022.",Explicit capability term found in facility description.,deterministic_regex_v1,2026-06-15T22:19:20.311029+00:00
facility:8a773ac7-5c69-4ca9-a0c0-855218530aad,Om Maternity Hospital,Maharashtra,Bhandara,pincode_inferred,obgyn,claimed,strong,"Om Maternity Hospital is listed as a public hospital in Bhandara, Maharashtra, 441904.",Explicit capability term found in facility description.,deterministic_regex_v1,2026-06-15T22:19:20.311029+00:00
facility:8ab5abe7-8d56-423d-bf85-fbba766b0bb3,Kharar Civil Hospital Blood Bank,Punjab,S.A.S Nagar,pincode_inferred,blood_bank,claimed,strong,"Kharar Civil Hospital Blood Bank is listed as a public hospital in Kharar, Punjab, 140301.",Explicit capability term found in facility description.,deterministic_regex_v1,2026-06-15T22:19:20.311029+00:00
facility:8ad69418-5979-4928-86ff-1f92999c9a44,Chandra’s Skin & Maternity Home,Uttar Pradesh,Saharanpur,pincode_inferred,obgyn,claimed,strong,"Chandra’s Skin & Maternity Home is listed as a private clinic in Saharanpur, Uttar Pradesh, 247001.",Explicit capability term found in facility description.,deterministic_regex_v1,2026-06-15T22:19:20.311029+00:00
facility:8b6895ab-0fde-4d83-93be-803be49bdf7c,Jovial Hospital & Trauma Centre,Uttar Pradesh,Lucknow,pincode_inferred,emergency_24x7,claimed,partial,"Jovial Hospital & Trauma Centre is listed as a hospital in Lucknow, Uttar Pradesh, 226010.","Related term found, but capability is not stated explicitly.",deterministic_regex_v1,2026-06-15T22:19:20.311029+00:00
facility:8ba30cb1-b307-44c9-8077-8fb984fe3cdc,Mata Chandrakala Hospital Trauma & Dental Center,Bihar,Samastipur,pincode_inferred,emergency_24x7,claimed,partial,"Mata Chandrakala Hospital Trauma & Dental Center is listed as a hospital in Samastipur, Bihar, 848101.","Related term found, but capability is not stated explicitly.",deterministic_regex_v1,2026-06-15T22:19:20.311029+00:00
facility:8c587ab7-1f51-4d91-932b-4b416b8e8511,"Ankur Maternity Home and Clinic, Naroda, Ahemdabad",Gujarat,Ahmadabad,pincode_inferred,obgyn,claimed,strong,"Ankur Maternity Home and Clinic, Naroda, Ahemdabad is listed as a private clinic in Ahmedabad, Gujarat, 3...",Explicit capability term found in facility description.,deterministic_regex_v1,2026-06-15T22:19:20.311029+00:00
facility:8cd45bfe-b76c-4935-a7d6-c0642b68f806,Ashok Blood Bank and Clinical Laboratory,Tamil Nadu,Dharmapuri,city_fallback,blood_bank,claimed,strong,"Ashok Blood Bank and Clinical Laboratory is listed as a private health facility in Dharmapuri, Tamil Nadu,...",Explicit capability term found in facility description.,deterministic_regex_v1,2026-06-15T22:19:20.311029+00:00
facility:8e5dd52e-4849-444e-bcbe-4be80c3debc4,Manan Maternity and Dental Hospital,Gujarat,Porbandar,pincode_inferred,obgyn,claimed,strong,"Manan Maternity and Dental Hospital is listed as a private hospital in Porbandar, Gujarat, 360575.",Explicit capability term found in facility description.,deterministic_regex_v1,2026-06-15T22:19:20.311029+00:00
facility:8eeff9e1-f973-45bb-bac6-38be8f2f7f8c,Varahi Maternity Hospital,Gujarat,Bhavnagar,pincode_inferred,obgyn,claimed,strong,"Varahi Maternity Hospital is listed as a private hospital in Kaminiyanagar, Gujarat, 364002.",Explicit capability term found in facility description.,deterministic_regex_v1,2026-06-15T22:19:20.311029+00:00
facility:9012e77c-b9ce-43e3-8c86-18406bf6fa90,Shree Netralaya and Maternity Clinic,Maharashtra,Ahmednagar,pincode_inferred,obgyn,claimed,strong,"Shree Netralaya and Maternity Clinic is listed as a private clinic in Savedi, Maharashtra, 414003.",Explicit capability term found in facility description.,deterministic_regex_v1,2026-06-15T22:19:20.311029+00:00
facility:9078c06c-27e0-463d-9ce1-bcdcaf79215a,Anudeep Heart Centre & Maternity Care,Uttar Pradesh,Gorakhpur,pincode_inferred,obgyn,claimed,strong,"Anudeep Heart Centre & Maternity Care is listed as a private clinic in Gorakhpur, Uttar Pradesh, 273001.",Explicit capability term found in facility description.,deterministic_regex_v1,2026-06-15T22:19:20.311029+00:00
facility:91057385-778c-49fc-b5c8-fec7ca4f760c,Ruddhi Maternity & Nursing Hospital,Maharashtra,Mumbai Suburban,pincode_inferred,obgyn,claimed,strong,"Ruddhi Maternity & Nursing Hospital is listed as a private hospital in Mumbai, Maharashtra, 400092.",Explicit capability term found in facility description.,deterministic_regex_v1,2026-06-15T22:19:20.311029+00:00
facility:9221c011-1364-4061-89b6-4db007d2e7db,Advance Ortho & Gynaec Center - Orthopedic Clinic,Madhya Pradesh,Indore,pincode_inferred,c_section,claimed,partial,"Advance Ortho & Gynaec Center - Orthopedic Clinic is listed as a private clinic in Indore, Madhya Pradesh, 45200...","Related term found, but capability is not stated explicitly.",deterministic_regex_v1,2026-06-15T22:19:20.311029+00:00
facility:9221c011-1364-4061-89b6-4db007d2e7db,Advance Ortho & Gynaec Center - Orthopedic Clinic,Madhya Pradesh,Indore,pincode_inferred,obgyn,claimed,strong,"Advance Ortho & Gynaec Center - Orthopedic Clinic is listed as a private clinic in Indore, Madhya Pradesh, 45200...",Explicit capability term found in facility description.,deterministic_regex_v1,2026-06-15T22:19:20.311029+00:00
facility:922fcd43-a7ca-44bc-b95a-9334e3d14931,Gunjan Hospital & ICU Unit,Gujarat,Vadodara,pincode_inferred,icu,claimed,strong,"Gunjan Hospital & ICU Unit is listed as a private hospital in Vadodara, Gujarat, 390002.",Explicit capability term found in facility description.,deterministic_regex_v1,2026-06-15T22:19:20.311029+00:00
facility:93858c5f-3ae9-44f2-88e6-bbfa52744726,Nice Hospital For Women Newborn and Children Hyderabad,Telangana,Hyderabad,pincode_inferred,nicu,claimed,partial,"Nice Hospital For Women Newborn and Children Hyderabad is listed as a private hospital in Hyderabad, Telangana, 500057.","Related term found, but capability is not stated explicitly.",deterministic_regex_v1,2026-06-15T22:19:20.311029+00:00
facility:94316be7-0047-43ee-a061-dae771153de5,Arogya Maternity and Nursing Home (A Unit of R P Medical Foundation),West Bengal,Kolkata,pincode_inferred,obgyn,claimed,strong,Arogya Maternity and Nursing Home (A Unit of R P Medical Foundation) is listed as a private hospital in Ko...,Explicit capability term found in facility description.,deterministic_regex_v1,2026-06-15T22:19:20.311029+00:00
facility:948a0b3c-182d-4d78-b0bf-1537a7982e3a,ANVI Newborn and Child Hospital,Jharkhand,Ranchi,pincode_inferred,nicu,claimed,partial,"ANVI Newborn and Child Hospital is listed as a private hospital in Ranchi, Jharkhand, 834001.","Related term found, but capability is not stated explicitly.",deterministic_regex_v1,2026-06-15T22:19:20.311029+00:00
facility:96605aef-2fe1-4da6-a81f-c38537a08713,Patna Dialysis Centre,Bihar,Patna,pincode_inferred,dialysis,claimed,strong,"Patna Dialysis Centre is listed as a private clinic in Patna, Bihar, 800016.",Explicit capability term found in facility description.,deterministic_regex_v1,2026-06-15T22:19:20.311029+00:00
facility:974ec092-2f26-4067-9af3-86a98bf1ca17,Aradhya Hospital & Trauma Center,Bihar,Patna,pincode_inferred,emergency_24x7,claimed,partial,"Aradhya Hospital & Trauma Center is listed as a private hospital in Patna, Bihar, 800007.","Related term found, but capability is not stated explicitly.",deterministic_regex_v1,2026-06-15T22:19:20.311029+00:00
facility:995ec217-a3a2-483f-bc05-d47cde0a2582,Sparsh Children Hospital & Nicu,Gujarat,Surat,city_fallback,nicu,claimed,strong,"Sparsh Children Hospital & Nicu is listed as a private hospital in Surat, Gujarat, 382715.",Explicit capability term found in facility description.,deterministic_regex_v1,2026-06-15T22:19:20.311029+00:00
facility:9960baf3-506c-435e-a525-d24a4dc82509,"Acharya Nursing Home and ICU in Vadodara, Gujarat",Gujarat,Vadodara,pincode_inferred,icu,claimed,strong,"Acharya Nursing Home and ICU in Vadodara, Gujarat is listed as a private hospital in Vadodara, Gujarat, 390023.",Explicit capability term found in facility description.,deterministic_regex_v1,2026-06-15T22:19:20.311029+00:00
facility:9acf1f4f-0a03-47af-89b9-d3fd0f0eeab7,Ayushman Laparoscopic Hospital & Maternity Center,Uttar Pradesh,Shahjahanpur,pincode_inferred,obgyn,claimed,strong,"Ayushman Laparoscopic Hospital & Maternity Center is listed as a private hospital in Shahjahanpur, Uttar Pradesh, 242001.",Explicit capability term found in facility description.,deterministic_regex_v1,2026-06-15T22:19:20.311029+00:00
facility:9bc88c97-2bba-4eca-b6bc-8abadbf77983,Patna Children Hospital And Newborn Care Centre,Bihar,Patna,pincode_inferred,nicu,claimed,partial,"Patna Children Hospital And Newborn Care Centre is listed as a private hospital in Patna, Bihar, 800020.","Related term found, but capability is not stated explicitly.",deterministic_regex_v1,2026-06-15T22:19:20.311029+00:00
facility:9dcac40a-eecb-49b3-b528-c602b9359eff,G. S. Memorial Plastic Surgery Hospital And Trauma Center,Uttar Pradesh,Varanasi,pincode_inferred,emergency_24x7,claimed,partial,"G. S. Memorial Plastic Surgery Hospital And Trauma Center is listed as a private hospital in Varanasi, Uttar Pradesh, 221010.","Related term found, but capability is not stated explicitly.",deterministic_regex_v1,2026-06-15T22:19:20.311029+00:00
facility:9f07b577-3c07-4086-8e10-8f3e8f8f031d,Harsh Hospital & Maternity Home,Gujarat,Surat,pincode_inferred,obgyn,claimed,strong,"Harsh Hospital & Maternity Home is listed as a private hospital in Surat, Gujarat, 395009.",Explicit capability term found in facility description.,deterministic_regex_v1,2026-06-15T22:19:20.311029+00:00
facility:a3bd73ec-26dc-4e19-8dca-fd49488ba9d6,Goodwill Hospital And Maternity Home - Jalandhar,Punjab,Jalandhar,pincode_inferred,obgyn,claimed,strong,"Goodwill Hospital And Maternity Home - Jalandhar is listed as a private hospital in Jalandhar Cant, Punjab, 144007.",Explicit capability term found in facility description.,deterministic_regex_v1,2026-06-15T22:19:20.311029+00:00
facility:a4a6943a-e0b4-4375-874f-7c1ba6644dc1,Horizon ICU & Hospital,Goa,South Goa,pincode_inferred,icu,claimed,strong,"Horizon ICU & Hospital is listed as a private hospital in Margao, Goa, 403601.",Explicit capability term found in facility description.,deterministic_regex_v1,2026-06-15T22:19:20.311029+00:00
facility:a5428b09-d8e3-4441-8ede-c3d15a81bcf6,Shahibaug Hospital Icu & Trauma Centre,Gujarat,Ahmadabad,pincode_inferred,emergency_24x7,claimed,partial,"Shahibaug Hospital Icu & Trauma Centre is listed as a private hospital in Ahmedabad, Gujarat, 380016.","Related term found, but capability is not stated explicitly.",deterministic_regex_v1,2026-06-15T22:19:20.311029+00:00
facility:a5428b09-d8e3-4441-8ede-c3d15a81bcf6,Shahibaug Hospital Icu & Trauma Centre,Gujarat,Ahmadabad,pincode_inferred,icu,claimed,strong,"Shahibaug Hospital Icu & Trauma Centre is listed as a private hospital in Ahmedabad, Gujarat, 380016.",Explicit capability term found in facility description.,deterministic_regex_v1,2026-06-15T22:19:20.311029+00:00
facility:a8f21439-6a36-4a87-b67f-71ed343e05f3,City Dialysis Centre,Bihar,Patna,pincode_inferred,dialysis,claimed,strong,"City Dialysis Centre is listed as a private clinic in Patna, Bihar, 800014.",Explicit capability term found in facility description.,deterministic_regex_v1,2026-06-15T22:19:20.311029+00:00
facility:ac30d25e-ad53-48a3-abcb-0c70d81299c5,Lodha Hospital And Maternity Home,Maharashtra,Pune,city_fallback,obgyn,claimed,strong,"Lodha Hospital And Maternity Home is listed as a private hospital in Pune, Maharashtra, 411029.",Explicit capability term found in facility description.,deterministic_regex_v1,2026-06-15T22:19:20.311029+00:00
facility:acb3758a-65ec-4f60-84f1-9e8db712be7b,Ganesh Ortho Trauma & Medical Centre,Delhi,East,pincode_inferred,emergency_24x7,claimed,partial,"Ganesh Ortho Trauma & Medical Centre is listed as a private clinic in New Delhi, Delhi, 110051.","Related term found, but capability is not stated explicitly.",deterministic_regex_v1,2026-06-15T22:19:20.311029+00:00
facility:ad939638-742d-4ab6-a067-6d0e5426cbbb,Krishna Hospital & Trauma Centre,Uttar Pradesh,Kushi Nagar,pincode_inferred,emergency_24x7,claimed,partial,"Krishna Hospital & Trauma Centre is listed as a private hospital in Ghaziabad, Uttar Pradesh, 274304.","Related term found, but capability is not stated explicitly.",deterministic_regex_v1,2026-06-15T22:19:20.311029+00:00
facility:aeb9664a-bd18-4f24-8fbf-81c650cdbba5,Mahesh Orthopaedic and Trauma Centre,Karnataka,Tumakuru,pincode_inferred,emergency_24x7,claimed,partial,"Mahesh Orthopaedic and Trauma Centre is listed as a private clinic in Tumkur, Karnataka, 572101.","Related term found, but capability is not stated explicitly.",deterministic_regex_v1,2026-06-15T22:19:20.311029+00:00
facility:af39dce3-c102-4c20-8158-40a3de0bfc55,Shelar Hospital And Icu,Navi Mumbai,Raigad,pincode_inferred,icu,claimed,strong,"Shelar Hospital And Icu is listed as a private hospital in Kalamboli, Navi Mumbai, 410206.",Explicit capability term found in facility description.,deterministic_regex_v1,2026-06-15T22:19:20.311029+00:00
facility:af8bce80-549a-426f-8f6b-faebae04c5cc,Government Maternity Hospital,Karnataka,Bengaluru Urban,pincode_inferred,obgyn,claimed,strong,"Government Maternity Hospital is listed as a public hospital in Raichur, Karnataka, 560011.",Explicit capability term found in facility description.,deterministic_regex_v1,2026-06-15T22:19:20.311029+00:00
facility:b082db50-6a6d-4506-869e-b727fa288754,Pooja Maternity And Nursing Home,Gujarat,Ahmadabad,pincode_inferred,obgyn,claimed,strong,"Pooja Maternity And Nursing Home is listed as a private hospital in Ahmedabad, Gujarat, 380061.",Explicit capability term found in facility description.,deterministic_regex_v1,2026-06-15T22:19:20.311029+00:00
facility:b0d25d1f-a4c2-402f-9fea-15b26132be17,"Prem Sukh Hospital And Dialysis Centre - Khurbura Mohalla, Dehradun",Uttarakhand,Dehradun,pincode_inferred,dialysis,claimed,strong,"Prem Sukh Hospital And Dialysis Centre - Khurbura Mohalla, Dehradun is listed as a private hospital in Dehradun, Uttarakh...",Explicit capability term found in facility description.,deterministic_regex_v1,2026-06-15T22:19:20.311029+00:00
facility:b202b43d-be39-4f2e-9cb8-59a2d7003aeb,Pramukh ICU & Trauma Center,Gujarat,Ahmadabad,pincode_inferred,emergency_24x7,claimed,partial,"Pramukh ICU & Trauma Center is listed as a private hospital in Ahmedabad, Gujarat, 382330.","Related term found, but capability is not stated explicitly.",deterministic_regex_v1,2026-06-15T22:19:20.311029+00:00
facility:b202b43d-be39-4f2e-9cb8-59a2d7003aeb,Pramukh ICU & Trauma Center,Gujarat,Ahmadabad,pincode_inferred,icu,claimed,strong,"Pramukh ICU & Trauma Center is listed as a private hospital in Ahmedabad, Gujarat, 382330.",Explicit capability term found in facility description.,deterministic_regex_v1,2026-06-15T22:19:20.311029+00:00
facility:b3cc7579-784c-4707-b7fc-d6d10f186c7d,Govind Dental & Maxillofacial Trauma Clinic,Uttarakhand,Nainital,pincode_inferred,emergency_24x7,claimed,partial,"Govind Dental & Maxillofacial Trauma Clinic is listed as a private clinic in Haldwani, Uttarakhand, 263139.","Related term found, but capability is not stated explicitly.",deterministic_regex_v1,2026-06-15T22:19:20.311029+00:00
facility:b42ee412-b6a5-4eb6-84a4-faa8f584bd34,Dr. Abha Gupta Maternity Home,Rajasthan,Udaipur,pincode_inferred,obgyn,claimed,strong,"Dr. Abha Gupta Maternity Home is listed as a clinic in Udaipur, Rajasthan, 313001.",Explicit capability term found in facility description.,deterministic_regex_v1,2026-06-15T22:19:20.311029+00:00
facility:b4b9f1d5-089d-4b76-94cb-1431d7830df4,KCJ Hospital & Maternity Home,Gujarat,Surat,pincode_inferred,obgyn,claimed,strong,"KCJ Hospital & Maternity Home is listed as a private hospital in Surat, Gujarat, 395007.",Explicit capability term found in facility description.,deterministic_regex_v1,2026-06-15T22:19:20.311029+00:00
facility:b64b2f70-27e2-4efd-950c-f3a1a8c5fa1a,YASH HOSPITAL CRITICAL CARE CENTRE,Karnataka,Belagavi,pincode_inferred,icu,claimed,partial,"YASH HOSPITAL CRITICAL CARE CENTRE is listed as a public hospital in Belagavi, Karnataka, 590001.","Related term found, but capability is not stated explicitly.",deterministic_regex_v1,2026-06-15T22:19:20.311029+00:00
facility:b64fb765-121d-4276-a52d-d34629ff3b3f,Medilife Multispeciality Hospital & ICU,Maharashtra,Pune,pincode_inferred,icu,claimed,strong,"Medilife Multispeciality Hospital & ICU is listed as a private hospital in Pune, Maharashtra, 411017.",Explicit capability term found in facility description.,deterministic_regex_v1,2026-06-15T22:19:20.311029+00:00
facility:b8148a0c-7412-4aaf-82a8-c2ddebfe680f,Vedika Maternity & Gynec Hospital,Gujarat,Ahmadabad,pincode_inferred,obgyn,claimed,strong,"Vedika Maternity & Gynec Hospital is listed as a hospital in Ahmedabad, Gujarat, 382330.",Explicit capability term found in facility description.,deterministic_regex_v1,2026-06-15T22:19:20.311029+00:00
facility:b88c8605-2fa0-4209-9aa5-5ccb15cdc212,Shri Balaji Institute of Neuroscience and Trauma,Karnataka,Dharwad,pincode_inferred,emergency_24x7,claimed,partial,"Shri Balaji Institute of Neuroscience and Trauma is listed as a private hospital in Hubli, Karnataka, 580021.","Related term found, but capability is not stated explicitly.",deterministic_regex_v1,2026-06-15T22:19:20.311029+00:00
facility:b906e5e1-6c7f-484b-9ee2-b720408d9271,Bukkawar Heart & Critical Care Hospital,Maharashtra,Chandrapur,pincode_inferred,icu,claimed,partial,"Bukkawar Heart & Critical Care Hospital is listed as a private hospital in Chandrapur, Maharashtra, 442401.","Related term found, but capability is not stated explicitly.",deterministic_regex_v1,2026-06-15T22:19:20.311029+00:00
facility:ba1c8ea2-316b-4c5d-a923-7bda390ed99c,"Blood Bank, Lal Bahadur Shastri Hospital",Delhi,East,pincode_inferred,blood_bank,claimed,strong,"Blood Bank, Lal Bahadur Shastri Hospital is listed as a public hospital in Delhi, Delhi, 110091.",Explicit capability term found in facility description.,deterministic_regex_v1,2026-06-15T22:19:20.311029+00:00
facility:ba37fc5d-ab00-4b0c-987a-dfa6550bd9e8,"Government Maternity Hospital, Tirupati",Andhra Pradesh,Tirupati,pincode_inferred,obgyn,claimed,strong,"Government Maternity Hospital, Tirupati is listed as a public hospital in Tirupati, Andhra Pradesh, 517507.",Explicit capability term found in facility description.,deterministic_regex_v1,2026-06-15T22:19:20.311029+00:00
facility:bc1cb953-2634-4f34-8e45-2403b6381dce,Baste Maternity Hospital & Pushpa Fertility Centre,Maharashtra,Nashik,pincode_inferred,obgyn,claimed,strong,"Baste Maternity Hospital & Pushpa Fertility Centre is listed as a private hospital in Nasik, Maharashtra,...",Explicit capability term found in facility description.,deterministic_regex_v1,2026-06-15T22:19:20.311029+00:00
facility:bd6a0a7a-def8-4fd2-8466-4a7103cea190,Shreeji Hospital & Trauma Centre,Gujarat,Vadodara,pincode_inferred,emergency_24x7,claimed,partial,"Shreeji Hospital & Trauma Centre is listed as a private hospital in Vadodara, Gujarat, 390002.","Related term found, but capability is not stated explicitly.",deterministic_regex_v1,2026-06-15T22:19:20.311029+00:00
facility:bd9818b6-3381-4e9e-b625-1f3c0d1994ca,Gizare Maternity Hospital,Karnataka,Belagavi,pincode_inferred,obgyn,claimed,strong,"Gizare Maternity Hospital is listed as a private hospital in Belgum, Karnataka, 590001.",Explicit capability term found in facility description.,deterministic_regex_v1,2026-06-15T22:19:20.311029+00:00
facility:bdc29cf4-75ba-4058-af10-2e58fc0d8885,Salunke Critical Care Hospital,Latur,Latur,pincode_inferred,icu,claimed,partial,"Salunke Critical Care Hospital is listed as a private hospital in Nilanga, Latur, 413521.","Related term found, but capability is not stated explicitly.",deterministic_regex_v1,2026-06-15T22:19:20.311029+00:00
facility:c57e3688-10a1-43e2-86f6-133b99ec11f1,Vardaan Hospital & Maternity Center,Bihar,Gaya,pincode_inferred,obgyn,claimed,strong,"Vardaan Hospital & Maternity Center is listed as a private hospital in Gaya, Bihar, 823001.",Explicit capability term found in facility description.,deterministic_regex_v1,2026-06-15T22:19:20.311029+00:00
facility:c881436a-7b67-44a5-aecc-a8533612aaad,Dean Chatrapati Shivaji Maharaj Sarvopchar Hosp Blood Bank,Maharashtra,Solapur,pincode_inferred,blood_bank,claimed,strong,"Dean Chatrapati Shivaji Maharaj Sarvopchar Hosp Blood Bank is listed as a public hospital in Solapur, Maharashtra, 413003.",Explicit capability term found in facility description.,deterministic_regex_v1,2026-06-15T22:19:20.311029+00:00
facility:c9be0d16-3852-4f77-b251-0515749878b9,"Devdikar Dialysis, Sahakarnagar, Nr New S T Stand, AKLUJ 413101 Dt. Solapur",Maharashtra,Solapur,pincode_inferred,dialysis,claimed,strong,"Devdikar Dialysis, Sahakarnagar, Nr New S T Stand, AKLUJ 413101 Dt. Solapur is listed as a private clinic i...",Explicit capability term found in facility description.,deterministic_regex_v1,2026-06-15T22:19:20.311029+00:00
facility:cc68c9a0-a61c-4bca-bce9-49aee4d97b20,Sanjiban Hospital Blood Bank,West Bengal,Howrah,pincode_inferred,blood_bank,claimed,strong,"Sanjiban Hospital Blood Bank is listed as a private hospital in Uluberia, West Bengal, 711316.",Explicit capability term found in facility description.,deterministic_regex_v1,2026-06-15T22:19:20.311029+00:00
facility:cc9d4212-f62d-4794-bf3b-85ded7235437,"Ropana Fertility & Gynaecology Clinic,Baner",Maharashtra,Pune,pincode_inferred,c_section,claimed,partial,"Ropana Fertility & Gynaecology Clinic,Baner is listed as a private clinic in Pune, Maharashtra, 411045.","Related term found, but capability is not stated explicitly.",deterministic_regex_v1,2026-06-15T22:19:20.311029+00:00
facility:cc9d4212-f62d-4794-bf3b-85ded7235437,"Ropana Fertility & Gynaecology Clinic,Baner",Maharashtra,Pune,pincode_inferred,obgyn,claimed,strong,"Ropana Fertility & Gynaecology Clinic,Baner is listed as a private clinic in Pune, Maharashtra, 411045.",Explicit capability term found in facility description.,deterministic_regex_v1,2026-06-15T22:19:20.311029+00:00
facility:cdcc342f-b707-4a15-9f5a-a869354d0a9e,Lall Nursing And Maternity Home,Haryana,Gurgaon,city_fallback,obgyn,claimed,strong,"Lall Nursing And Maternity Home is listed as a private hospital in Gurgaon, Haryana, 122021.",Explicit capability term found in facility description.,deterministic_regex_v1,2026-06-15T22:19:20.311029+00:00
facility:cea2fefc-94ee-4278-bf69-72a40b951052,Ganpati Surgical and Trauma Hospital,Haryana,Kaithal,pincode_inferred,emergency_24x7,claimed,partial,"Ganpati Surgical and Trauma Hospital is listed as a private hospital in Kaithal, Haryana, 136027.","Related term found, but capability is not stated explicitly.",deterministic_regex_v1,2026-06-15T22:19:20.311029+00:00
facility:d27e57e1-f764-41ec-9e1b-99628b7b08a0,Aakanksha Maternity and Nursing Home,Maharashtra,Mumbai Suburban,pincode_inferred,obgyn,claimed,strong,"Aakanksha Maternity and Nursing Home is listed as a private hospital in Mumbai, Maharashtra, 400066.",Explicit capability term found in facility description.,deterministic_regex_v1,2026-06-15T22:19:20.311029+00:00
facility:d2833710-0cdf-4208-b273-6149a2cf64ec,Shriram Trauma & Super Speciality Hospital,Rajasthan,Sikar,pincode_inferred,emergency_24x7,claimed,partial,"Shriram Trauma & Super Speciality Hospital is listed as a private hospital in Sikar, Rajasthan, 332001.","Related term found, but capability is not stated explicitly.",deterministic_regex_v1,2026-06-15T22:19:20.311029+00:00
facility:d3edcb41-d409-4def-9fae-4ad25a036855,The Muslim Ambulance Society Diagnostic Center,Maharashtra,Mumbai,pincode_inferred,ambulance,claimed,strong,"The Muslim Ambulance Society Diagnostic Center is listed as a private hospital in Mumbai, Maharashtra, 400010.",Explicit capability term found in facility description.,deterministic_regex_v1,2026-06-15T22:19:20.311029+00:00
facility:d4737fdd-c479-4c31-9d34-fc19fd7d7e58,Dr. Sumitrabai Wagh Maternity Hospital,Maharashtra,Mumbai Suburban,pincode_inferred,obgyn,claimed,strong,"Dr. Sumitrabai Wagh Maternity Hospital is listed as a private hospital in Mumbai, Maharashtra, 400057.",Explicit capability term found in facility description.,deterministic_regex_v1,2026-06-15T22:19:20.311029+00:00
facility:d4faa64a-1cdc-4b82-ad01-930b69373434,Aayat Maternity and Children Hospital,Uttar Pradesh,Azamgarh,pincode_inferred,obgyn,claimed,strong,"Aayat Maternity and Children Hospital is listed as a private hospital in Azamgarh, Uttar Pradesh, 276001.",Explicit capability term found in facility description.,deterministic_regex_v1,2026-06-15T22:19:20.311029+00:00
facility:d695ba46-a9a1-43b9-a54f-9b0e8fa4c463,"Global MultiSpeciality Hospital & Trauma Center, Azamgarh",Uttar Pradesh,Azamgarh,pincode_inferred,emergency_24x7,claimed,partial,"Global MultiSpeciality Hospital & Trauma Center, Azamgarh is listed as a hospital in Azamgarh, Uttar Pradesh, 276001.","Related term found, but capability is not stated explicitly.",deterministic_regex_v1,2026-06-15T22:19:20.311029+00:00
facility:d70319e9-7f81-4339-8760-768a68afaf34,Jagruti Maternity Hospital Dr Rajesh Gondalia,Gujarat,Jamnagar,pincode_inferred,obgyn,claimed,strong,"Jagruti Maternity Hospital Dr Rajesh Gondalia is listed as a private hospital in Jamnagar, Gujarat, 361001.",Explicit capability term found in facility description.,deterministic_regex_v1,2026-06-15T22:19:20.311029+00:00
facility:d951c970-c88d-4844-b009-45338a7ce4a8,Motherhood Maternity Center,Delhi,East,pincode_inferred,obgyn,claimed,strong,"Motherhood Maternity Center is listed as a private clinic in Delhi, Delhi, 110091.",Explicit capability term found in facility description.,deterministic_regex_v1,2026-06-15T22:19:20.311029+00:00
facility:d961e2b5-d956-4f49-aac6-c443631a5bd7,Anupama Maternity & Nursing Home,Maharashtra,Mumbai Suburban,pincode_inferred,obgyn,claimed,strong,"Anupama Maternity & Nursing Home is listed as a private clinic in Mumbai, Maharashtra, 400104.",Explicit capability term found in facility description.,deterministic_regex_v1,2026-06-15T22:19:20.311029+00:00
facility:dafc740f-4740-4241-83db-c5a444b4a2e8,Renal Path Labs,Haryana,Gurugram,pincode_inferred,dialysis,claimed,partial,"Renal Path Labs is listed as a private clinic in Gurgaon, Haryana, 122018.","Related term found, but capability is not stated explicitly.",deterministic_regex_v1,2026-06-15T22:19:20.311029+00:00
facility:dd333627-436d-4b42-8e5a-7c32cb916a62,"S R Hospital & Maternity Center – A Unit Of S R Multispeciality Foundation, Ghaziabad, Uttar Pradesh",Uttar Pradesh,Gautam Buddha Nagar,pincode_inferred,obgyn,claimed,strong,"S R Hospital & Maternity Center – A Unit Of S R Multispeciality Foundation, Ghaziabad, Uttar Pradesh is listed as...",Explicit capability term found in facility description.,deterministic_regex_v1,2026-06-15T22:19:20.311029+00:00
facility:dde0bbd4-ab5a-4925-9027-5718ea794b96,Atman Uro-Gynaec Hospital,Gujarat,Vadodara,pincode_inferred,c_section,claimed,partial,"Atman Uro-Gynaec Hospital is listed as a private hospital in Vadodara, Gujarat, 391410.","Related term found, but capability is not stated explicitly.",deterministic_regex_v1,2026-06-15T22:19:20.311029+00:00
facility:dde0bbd4-ab5a-4925-9027-5718ea794b96,Atman Uro-Gynaec Hospital,Gujarat,Vadodara,pincode_inferred,obgyn,claimed,strong,"Atman Uro-Gynaec Hospital is listed as a private hospital in Vadodara, Gujarat, 391410.",Explicit capability term found in facility description.,deterministic_regex_v1,2026-06-15T22:19:20.311029+00:00
facility:de0b56c6-1a36-4a6d-ae03-88587b34f781,Green City Maternity and Eye Hospital,Maharashtra,Nagpur,pincode_inferred,obgyn,claimed,strong,"Green City Maternity and Eye Hospital is listed as a private hospital in Nagpur, Maharashtra, 440001.",Explicit capability term found in facility description.,deterministic_regex_v1,2026-06-15T22:19:20.311029+00:00
facility:de80a5d5-1400-4290-ae81-b47c0e683de5,Neurospine Hospital and Revive Critical Care,Maharashtra,Nagpur,pincode_inferred,icu,claimed,partial,"Neurospine Hospital and Revive Critical Care is listed as a private hospital in Nagpur, Maharashtra, 440015.","Related term found, but capability is not stated explicitly.",deterministic_regex_v1,2026-06-15T22:19:20.311029+00:00
facility:deb36cea-b718-4e95-a89a-e3b97b354b84,Siddharth Maternity Centre,Tamil Nadu,Salem,pincode_inferred,obgyn,claimed,strong,"Siddharth Maternity Centre is listed as a private hospital in Mettur, Tamil Nadu, 636401.",Explicit capability term found in facility description.,deterministic_regex_v1,2026-06-15T22:19:20.311029+00:00
facility:e048e293-454e-4425-b2df-62ae1b8bb557,Dr. Manjeet Institute of Critical Care - DMICC,Rajasthan,Jaipur,city_fallback,icu,claimed,partial,"Dr. Manjeet Institute of Critical Care - DMICC is listed as a private hospital in Jaipur, Rajasthan, 302023.","Related term found, but capability is not stated explicitly.",deterministic_regex_v1,2026-06-15T22:19:20.311029+00:00
facility:e21173ff-5eaf-45a1-bc86-fd99a67eff99,Garima Maternity Hospital And Ultrasound Center,Uttar Pradesh,Agra,pincode_inferred,obgyn,claimed,strong,"Garima Maternity Hospital And Ultrasound Center is listed as a private hospital in Agra, Uttar Pradesh, 28...",Explicit capability term found in facility description.,deterministic_regex_v1,2026-06-15T22:19:20.311029+00:00
facility:e22acd92-c0d2-4cce-ba3c-75d8667e8b7d,"Smile Craze Dental Care Hospital & Trauma Centre, Jalandhar",Punjab,Jalandhar,pincode_inferred,emergency_24x7,claimed,partial,"Smile Craze Dental Care Hospital & Trauma Centre, Jalandhar is listed as a private hospital in Jalandhar, Punjab, 144001.","Related term found, but capability is not stated explicitly.",deterministic_regex_v1,2026-06-15T22:19:20.311029+00:00
facility:e2dad73f-17e6-43b8-a07e-e1e0d6d08c69,Sanctum Maternity & Laparoscopy Hospital,Maharashtra,Thane,pincode_inferred,obgyn,claimed,strong,"Sanctum Maternity & Laparoscopy Hospital is listed as a private hospital in Thane West, Maharashtra, 400615...",Explicit capability term found in facility description.,deterministic_regex_v1,2026-06-15T22:19:20.311029+00:00
facility:e48a8f48-d155-4bf6-9584-0a487401f89a,Life Line Care Hospital & Dialysis Centre,Himachal Pradesh,Kullu,pincode_inferred,dialysis,claimed,strong,"Life Line Care Hospital & Dialysis Centre is listed as a private hospital in Dhalpur, Himachal Pradesh, 175101.",Explicit capability term found in facility description.,deterministic_regex_v1,2026-06-15T22:19:20.311029+00:00
facility:e6239dbe-7da9-4a6b-a18b-a150a2a80696,Brain and Spine Trauma Centre Ranchi,Jharkhand,Ranchi,pincode_inferred,emergency_24x7,claimed,partial,"Brain and Spine Trauma Centre Ranchi is listed as a hospital in Ranchi, Jharkhand, 834001.","Related term found, but capability is not stated explicitly.",deterministic_regex_v1,2026-06-15T22:19:20.311029+00:00
facility:e85087f5-cc4a-4746-a81a-57d1b0f91314,Samarpan Trauma and Research Centre,Bihar,Patna,pincode_inferred,emergency_24x7,claimed,partial,"Samarpan Trauma and Research Centre is listed as a private hospital in Patna, Bihar, 800026.","Related term found, but capability is not stated explicitly.",deterministic_regex_v1,2026-06-15T22:19:20.311029+00:00
facility:eb9fa959-5d76-4532-9aed-c6246007e4e7,Gracias Maternity Hospital,South Goa,South Goa,pincode_inferred,obgyn,claimed,strong,"Gracias Maternity Hospital is listed as a private clinic in Margao, South Goa, 403601.",Explicit capability term found in facility description.,deterministic_regex_v1,2026-06-15T22:19:20.311029+00:00
facility:ec2b77e0-d93d-4d3c-b5f2-6d73cc7d8380,Sai Medicity Hospital and Icu,Maharashtra,Aurangabad,pincode_inferred,icu,claimed,strong,"Sai Medicity Hospital and Icu is listed as a private hospital in Aurangabad, Maharashtra, 431003.",Explicit capability term found in facility description.,deterministic_regex_v1,2026-06-15T22:19:20.311029+00:00
facility:ee1f982d-88da-4722-9862-9006149bf7f1,Central Hospital and Maternity Home,Punjab,Jalandhar,pincode_inferred,obgyn,claimed,strong,"Central Hospital and Maternity Home is listed as a private hospital in Jalandhar, Punjab, 144001.",Explicit capability term found in facility description.,deterministic_regex_v1,2026-06-15T22:19:20.311029+00:00
facility:efc76d32-da5c-4e79-830b-4c91a5b9b37f,Rhythm Heart and Critical Care,Maharashtra,Nagpur,pincode_inferred,icu,claimed,partial,"Rhythm Heart and Critical Care is listed as a private hospital in Nagpur, Maharashtra, 440012.","Related term found, but capability is not stated explicitly.",deterministic_regex_v1,2026-06-15T22:19:20.311029+00:00
facility:f1a28065-4fe9-4445-a55c-5e5d0098d126,Matru Sewa Sangh Sitabuldi Maternity Home,Maharashtra,Nagpur,pincode_inferred,obgyn,claimed,strong,"Matru Sewa Sangh Sitabuldi Maternity Home is listed as a private hospital in Nagpur, Maharashtra, 440010.",Explicit capability term found in facility description.,deterministic_regex_v1,2026-06-15T22:19:20.311029+00:00
facility:f4c0eda4-1a23-4316-b3de-e42b25212081,Apex Hospital and Trauma Centre,Haryana,Panipat,pincode_inferred,emergency_24x7,claimed,partial,"Apex Hospital and Trauma Centre is listed as a private hospital in Panipat, Haryana, 132103.","Related term found, but capability is not stated explicitly.",deterministic_regex_v1,2026-06-15T22:19:20.311029+00:00
facility:f586774b-760c-45ac-ace3-1166610e8f2e,Dr Deepika’s maternity centre,Haryana,Panchkula,pincode_inferred,obgyn,claimed,strong,"Dr Deepika’s maternity centre is listed as a private clinic in Panchkula, Haryana, 134102.",Explicit capability term found in facility description.,deterministic_regex_v1,2026-06-15T22:19:20.311029+00:00
facility:f7e56a1a-01fe-4f97-aa9d-7cad7cf97a5f,Blood Bank,Tamil Nadu,Coimbatore,pincode_inferred,blood_bank,claimed,strong,"Blood Bank is listed as a private hospital in Chennai, Tamil Nadu, 641044.",Explicit capability term found in facility description.,deterministic_regex_v1,2026-06-15T22:19:20.311029+00:00
facility:f985beb9-c849-42f1-a35d-ccae72b8da43,"Gynaecare Women’s Hospital – 2nd floor, Twinkle Complex, Nr. Dhananjay Tower, 100 Ft. Anandnagar Road, Satellite, Ahmedabad, Gujarat - 380051, India",Gujarat,Ahmadabad,pincode_inferred,c_section,claimed,partial,"Gynaecare Women’s Hospital – 2nd floor, Twinkle Complex, Nr. Dhananjay Tower, 100 Ft. Anandnagar...","Related term found, but capability is not stated explicitly.",deterministic_regex_v1,2026-06-15T22:19:20.311029+00:00
facility:f985beb9-c849-42f1-a35d-ccae72b8da43,"Gynaecare Women’s Hospital – 2nd floor, Twinkle Complex, Nr. Dhananjay Tower, 100 Ft. Anandnagar Road, Satellite, Ahmedabad, Gujarat - 380051, India",Gujarat,Ahmadabad,pincode_inferred,obgyn,claimed,strong,"Gynaecare Women’s Hospital – 2nd floor, Twinkle Complex, Nr. Dhananjay Tower, 100 Ft. Anandnagar...",Explicit capability term found in facility description.,deterministic_regex_v1,2026-06-15T22:19:20.311029+00:00
facility:fa4f8baf-e510-4675-b33d-93fd1cc74931,Garg Maternity & Surgical Hospital,Haryana,Ambala,pincode_inferred,obgyn,claimed,strong,"Garg Maternity & Surgical Hospital is listed as a private hospital in Ambala, Haryana, 133001.",Explicit capability term found in facility description.,deterministic_regex_v1,2026-06-15T22:19:20.311029+00:00
facility:fa690324-eacf-438f-bd7c-049ac1407d01,Priti Nursing & Maternity Home,Uttar Pradesh,Prayagraj,pincode_inferred,obgyn,claimed,strong,"Priti Nursing & Maternity Home is listed as a private hospital in Allahabad, Uttar Pradesh, 211002.",Explicit capability term found in facility description.,deterministic_regex_v1,2026-06-15T22:19:20.311029+00:00
facility:fb7f50de-6a91-41b3-9b8c-669e08bfe419,Chittaranjan National Cancer Institute Blood Centre,West Bengal,Kolkata,pincode_inferred,blood_bank,claimed,partial,"Chittaranjan National Cancer Institute Blood Centre is listed as a public hospital in Kolkata, West Bengal, 700026.","Related term found, but capability is not stated explicitly.",deterministic_regex_v1,2026-06-15T22:19:20.311029+00:00
facility:fbee4e4c-ec77-40f0-b3ee-bc0ec832f317,Highway Hospital & Trauma Centre,Uttar Pradesh,Lucknow,pincode_inferred,emergency_24x7,claimed,partial,"Highway Hospital & Trauma Centre is listed as a private hospital in Lucknow, Uttar Pradesh, 226024.","Related term found, but capability is not stated explicitly.",deterministic_regex_v1,2026-06-15T22:19:20.311029+00:00
facility:fc332c36-e504-45ed-823c-020ed7de6b31,IBM Hospital & Trauma Centre,Haryana,Panipat,pincode_inferred,emergency_24x7,claimed,partial,"IBM Hospital & Trauma Centre is listed as a private hospital in Panipat, Haryana, 132103.","Related term found, but capability is not stated explicitly.",deterministic_regex_v1,2026-06-15T22:19:20.311029+00:00
facility:fc9cdea1-23bf-4180-872a-44335e348fb4,Pulse Emergency Hospital,Bihar,Patna,pincode_inferred,emergency_24x7,claimed,partial,"Pulse Emergency Hospital is listed as a private hospital in Patna, Bihar, 800020.","Related term found, but capability is not stated explicitly.",deterministic_regex_v1,2026-06-15T22:19:20.311029+00:00
facility:fdd31470-ac16-4ac4-b4c0-9709dee42d7d,Delhi Hospital and Maternity Home,Haryana,Jind,pincode_inferred,obgyn,claimed,strong,"Delhi Hospital and Maternity Home is listed as a private hospital in Jind, Haryana, 126102.",Explicit capability term found in facility description.,deterministic_regex_v1,2026-06-15T22:19:20.311029+00:00
